gameid,teamname,result,assists,teamkills,teamdeaths,teamkda,dragons,barons,dragons&barons,towers,inhibitors,tower&inhibitors,damagetochampions,visionscore,earnedgold
LOLTMNT02_22225,T1,1,20,6,5,5.2,1,1,2,8,1,9,49024,276,36258
LOLTMNT02_21273,T1,0,27,10,17,2.176470588,2,0,2,5,0,5,77786,242,35858
LOLTMNT02_21295,T1,0,25,10,25,1.4,1,1,2,6,1,7,76561,439,51476
LOLTMNT02_24236,T1,1,42,21,5,12.6,2,1,3,11,3,14,81044,242,41049
LOLTMNT02_24257,T1,1,38,17,11,5,1,1,2,5,1,6,67853,206,35514
LOLTMNT02_32346,T1,0,16,13,18,1.611111111,1,1,2,3,0,3,55271,324,40072
LOLTMNT02_31412,T1,1,40,23,6,10.5,3,0,3,7,1,8,66457,142,30454
LOLTMNT02_31433,T1,1,40,16,2,28,3,2,5,10,1,11,62959,257,43478
LOLTMNT02_33526,T1,1,30,15,10,4.5,4,1,5,8,1,9,90700,366,47454
LOLTMNT02_34511,T1,1,36,18,9,6,4,1,5,10,2,12,71125,256,37872
LOLTMNT02_37839,T1,1,41,17,6,9.666666667,3,2,5,9,1,10,80702,247,41005
LOLTMNT02_37841,T1,1,18,13,4,7.75,3,1,4,10,2,12,55780,207,35931
LOLTMNT02_42207,T1,1,24,11,7,5,2,0,2,9,1,10,57763,227,32271
LOLTMNT02_42209,T1,1,43,20,16,3.9375,3,2,5,11,3,14,91866,258,45461
LOLTMNT01_57068,T1,1,25,17,4,10.5,3,1,4,10,2,12,64452,212,35968
LOLTMNT01_56898,T1,1,44,15,12,4.916666667,5,2,7,11,3,14,94884,316,50585
LOLTMNT01_58693,T1,1,41,14,7,7.857142857,1,1,2,9,1,10,69660,253,41054
LOLTMNT01_59546,T1,1,49,21,11,6.363636364,3,1,4,10,2,12,88017,296,41266
LOLTMNT02_52081,T1,1,52,19,12,5.916666667,2,2,4,11,3,14,96250,213,42685
LOLTMNT02_52097,T1,0,13,6,24,0.791666667,3,0,3,3,0,3,100043,387,43306
LOLTMNT02_52104,T1,1,49,24,12,6.083333333,2,1,3,10,2,12,84880,263,43474
LOLTMNT02_55559,T1,1,40,13,3,17.66666667,3,1,4,9,1,10,72395,270,42087
LOLTMNT02_55581,T1,1,35,16,5,10.2,4,1,5,10,2,12,71342,328,42705
LOLTMNT02_58729,T1,1,31,13,9,4.888888889,4,1,5,7,1,8,69823,282,41178
LOLTMNT02_59735,T1,1,34,18,7,7.428571429,4,1,5,8,1,9,84633,221,35817
LOLTMNT02_63186,T1,1,52,22,6,12.33333333,4,1,5,9,1,10,92541,278,43476
LOLTMNT02_62190,T1,1,55,23,10,7.8,5,1,6,9,1,10,79328,259,47269
LOLTMNT03_49696,T1,1,45,25,12,5.833333333,3,1,4,10,2,12,92562,263,45571
LOLTMNT03_48739,T1,1,69,34,12,8.583333333,4,1,5,8,1,9,111502,200,40713
LOLTMNT03_50419,T1,0,0,0,13,0,0,0,0,2,0,2,44421,189,24842
LOLTMNT03_51351,T1,0,14,7,16,1.3125,2,0,2,1,0,1,64283,229,30776
LOLTMNT03_52805,T1,1,43,14,6,9.5,2,2,4,10,2,12,97168,361,49025
LOLTMNT03_52814,T1,1,56,20,15,5.066666667,2,1,3,9,2,11,92062,382,47773
LOLTMNT03_55307,T1,0,15,8,15,1.533333333,0,0,0,3,0,3,40928,306,31810
LOLTMNT03_55310,T1,1,50,19,8,8.625,4,1,5,11,3,14,90248,307,45253
LOLTMNT03_55313,T1,0,15,9,22,1.090909091,3,0,3,2,0,2,53382,279,31115
LOLTMNT01_72528,T1,1,47,21,7,9.714285714,3,1,4,9,1,10,67339,170,35544
LOLTMNT01_71936,T1,1,45,22,19,3.526315789,7,5,12,11,10,21,136434,498,72971
LOLTMNT01_76009,T1,1,34,14,4,12,4,1,5,9,2,11,76318,239,37742
LOLTMNT01_75436,T1,1,30,13,6,7.166666667,2,2,4,8,1,9,81941,254,40471
LOLTMNT02_68790,T1,0,42,13,17,3.235294118,4,1,5,5,0,5,109549,265,40645
LOLTMNT02_69796,T1,0,20,8,22,1.272727273,3,1,4,2,0,2,81477,334,41418
LOLTMNT02_69799,T1,0,27,14,29,1.413793103,3,0,3,3,0,3,80884,258,35096
LOLTMNT02_71448,T1,1,39,15,9,6,1,1,2,8,1,9,70942,340,44340
LOLTMNT02_71450,T1,1,32,16,10,4.8,3,2,5,11,5,16,75361,298,44964
LOLTMNT02_71456,T1,1,53,18,13,5.461538462,3,2,5,10,2,12,92692,409,48008
LOLTMNT02_75115,T1,0,36,14,13,3.846153846,0,2,2,7,2,9,87835,468,51567
LOLTMNT02_76094,T1,1,46,16,12,5.166666667,3,2,5,10,2,12,106012,326,46350
LOLTMNT02_75116,T1,1,44,15,5,11.8,3,2,5,10,3,13,84693,382,44096
LOLTMNT02_76095,T1,1,51,19,9,7.777777778,4,2,6,8,2,10,90948,393,49689
LOLTMNT02_76144,T1,0,17,10,24,1.125,2,2,4,4,0,4,102114,454,49329
LOLTMNT02_76145,T1,1,43,17,13,4.615384615,3,2,5,8,1,9,104605,311,42660
LOLTMNT02_76146,T1,1,60,23,10,8.3,5,3,8,9,1,10,133644,378,53214
LOLTMNT02_76147,T1,0,4,3,15,0.466666667,1,0,1,4,0,4,53536,248,29842
LOLTMNT02_76148,T1,0,6,2,15,0.533333333,1,1,2,4,0,4,91838,365,42586
11039-11039_game_1,T1,1,22,14,10,3.6,3,1,4,9,2,11,58243,206,33592
11039-11039_game_2,T1,1,30,22,15,3.466666667,4,1,5,9,1,10,84083,250,38021
11042-11042_game_1,T1,1,33,13,1,46,1,0,1,7,1,8,48888,128,25919
11042-11042_game_2,T1,1,56,23,11,7.181818182,3,1,4,11,3,14,77395,295,42199
11051-11051_game_1,T1,1,58,21,9,8.777777778,3,1,4,9,1,10,83599,281,43133
11051-11051_game_2,T1,0,16,7,19,1.210526316,2,0,2,2,0,2,76283,251,29795
11051-11051_game_3,T1,0,20,8,24,1.166666667,0,0,0,3,0,3,62702,257,30248
11051-11051_game_4,T1,1,39,15,4,13.5,3,1,4,10,2,12,76319,257,36795
11051-11051_game_5,T1,1,50,22,11,6.545454545,3,2,5,9,2,11,115831,427,48098
11055-11055_game_1,T1,0,14,7,17,1.235294118,2,0,2,2,0,2,44520,197,29862
11055-11055_game_2,T1,1,43,20,5,12.6,3,2,5,11,3,14,97224,269,43783
11055-11055_game_3,T1,0,8,6,21,0.666666667,1,0,1,2,0,2,42575,237,29219
11055-11055_game_4,T1,0,11,4,12,1.25,3,0,3,3,0,3,46699,267,30886
11057-11057_game_1,T1,1,28,13,7,5.857142857,1,2,3,9,1,10,66979,226,37211
11057-11057_game_2,T1,1,40,19,13,4.538461538,2,1,3,8,1,9,118893,510,53527
11057-11057_game_3,T1,0,19,12,21,1.476190476,4,0,4,3,0,3,76448,293,36896
11057-11057_game_4,T1,1,41,27,13,5.230769231,1,1,2,11,3,14,75893,193,36138
11059-11059_game_1,T1,1,51,20,5,14.2,3,1,4,10,2,12,59023,277,38515
11059-11059_game_2,T1,1,42,16,17,3.411764706,2,1,3,10,1,11,65311,356,43310
11059-11059_game_3,T1,1,50,18,11,6.181818182,1,2,3,8,1,9,71526,338,46322
11060-11060_game_1,T1,0,37,15,19,2.736842105,1,0,1,3,0,3,65749,227,32194
11060-11060_game_2,T1,1,27,16,9,4.777777778,1,0,1,8,1,9,61116,266,37489
11060-11060_game_3,T1,0,5,4,23,0.391304348,2,0,2,2,0,2,38576,163,22585
11060-11060_game_4,T1,1,66,28,17,5.529411765,3,2,5,10,2,12,107100,310,50957
11060-11060_game_5,T1,0,7,5,18,0.666666667,2,0,2,3,0,3,57879,253,32666
LOLTMNT01_123547,T1,1,27,13,7,5.714285714,3,1,4,9,1,10,80302,334,48734
LOLTMNT01_125566,T1,1,56,24,7,11.42857143,3,1,4,11,1,12,84686,237,47471
LOLTMNT01_126562,T1,0,12,4,17,0.941176471,1,0,1,1,0,1,37044,213,25647
LOLTMNT01_126571,T1,0,10,6,16,1,2,0,2,2,0,2,44163,165,24175
LOLTMNT02_108532,T1,1,61,23,15,5.6,4,3,7,10,4,14,141773,426,58306
LOLTMNT02_108563,T1,1,23,12,4,8.75,2,1,3,8,1,9,44338,234,34763
LOLTMNT02_110747,T1,0,16,9,11,2.272727273,1,0,1,6,0,6,101194,302,43473
LOLTMNT02_111684,T1,1,54,20,9,8.222222222,4,1,5,10,2,12,111895,324,47516
LOLTMNT02_110815,T1,1,57,22,6,13.16666667,3,1,4,9,2,11,84436,236,40218
LOLTMNT02_122032,T1,1,18,11,7,4.142857143,3,1,4,11,4,15,79804,349,47881
LOLTMNT02_122043,T1,1,18,9,2,13.5,2,0,2,7,1,8,39993,164,28328
LOLTMNT02_127393,T1,1,26,9,6,5.833333333,1,1,2,8,1,9,73160,330,43568
LOLTMNT02_127404,T1,0,12,6,16,1.125,2,0,2,3,0,3,41569,236,26607
LOLTMNT02_129445,T1,0,31,10,16,2.5625,0,1,1,2,0,2,82878,309,39069
LOLTMNT03_107552,T1,1,43,20,9,7,2,1,3,9,1,10,108086,407,51963
LOLTMNT03_107571,T1,0,19,7,20,1.3,0,1,1,2,0,2,66090,262,33881
LOLTMNT03_107601,T1,1,57,20,7,11,4,1,5,7,1,8,100671,264,39753
LOLTMNT03_109596,T1,0,6,5,23,0.47826087,2,0,2,2,0,2,107614,350,42832
LOLTMNT03_109620,T1,1,34,18,15,3.466666667,2,1,3,11,3,14,88050,262,40771
LOLTMNT03_109634,T1,1,31,13,7,6.285714286,2,1,3,7,1,8,77539,302,36908
LOLTMNT03_111473,T1,1,42,16,4,14.5,3,0,3,8,1,9,60201,253,35119
LOLTMNT03_112180,T1,1,60,21,8,10.125,4,1,5,8,1,9,85532,239,41254
LOLTMNT03_115479,T1,1,29,17,8,5.75,0,1,1,10,1,11,66367,191,35731
LOLTMNT03_116496,T1,0,23,9,18,1.777777778,1,0,1,6,0,6,81180,294,38612
LOLTMNT03_116507,T1,1,56,23,18,4.388888889,2,1,3,9,2,11,88273,253,41155
LOLTMNT03_118804,T1,0,27,12,11,3.545454545,3,1,4,6,0,6,93045,385,48502
LOLTMNT03_118842,T1,1,25,11,3,12,1,1,2,8,1,9,74984,289,40630
LOLTMNT03_118880,T1,0,27,11,13,2.923076923,4,2,6,5,0,5,85487,312,39208
LOLTMNT03_127225,T1,0,6,2,13,0.615384615,2,0,2,2,0,2,64744,229,28446
LOLTMNT03_128221,T1,1,38,16,2,27,2,1,3,9,1,10,69906,240,37983
LOLTMNT03_127246,T1,0,0,0,8,0,3,0,3,2,0,2,59853,214,29400
LOLTMNT03_129062,T1,0,23,7,15,2,2,0,2,4,0,4,66446,215,30804
LOLTMNT03_129067,T1,0,3,3,15,0.4,0,0,0,1,0,1,56435,243,29396
LOLTMNT01_152156,T1,1,34,16,4,12.5,4,2,6,11,3,14,64673,310,45168
LOLTMNT01_152162,T1,0,27,11,22,1.727272727,1,1,2,3,0,3,75700,277,37945
LOLTMNT01_152170,T1,1,38,17,8,6.875,2,1,3,10,2,12,70800,307,42449
LOLTMNT01_151950,T1,1,64,26,20,4.5,4,0,4,10,2,12,157980,433,56613
LOLTMNT01_151960,T1,1,25,11,3,12,3,1,4,10,2,12,69832,235,39022
LOLTMNT01_153827,T1,0,26,13,12,3.25,3,1,4,3,0,3,115027,453,49639
LOLTMNT01_154710,T1,1,40,16,5,11.2,4,1,5,11,3,14,81313,246,39870
LOLTMNT01_154728,T1,1,48,17,9,7.222222222,4,1,5,8,1,9,76499,253,38625
LOLTMNT01_155488,T1,0,42,18,16,3.75,3,2,5,6,0,6,151674,368,49751
LOLTMNT01_155499,T1,0,18,8,11,2.363636364,1,0,1,1,0,1,63273,292,33129
LOLTMNT02_151414,T1,0,10,5,20,0.75,1,0,1,2,0,2,56682,245,30495
LOLTMNT02_151430,T1,0,25,10,24,1.458333333,1,0,1,3,0,3,93897,312,40861
LOLTMNT02_153808,T1,1,14,11,7,3.571428571,5,0,5,8,1,9,60167,301,39039
LOLTMNT02_154335,T1,1,43,18,5,12.2,3,1,4,11,2,13,78913,237,39487
LOLTMNT02_155898,T1,0,8,6,17,0.823529412,0,1,1,4,0,4,70326,267,37309
LOLTMNT02_156515,T1,1,53,23,12,6.333333333,3,1,4,9,1,10,86390,244,40998
LOLTMNT02_155935,T1,1,35,17,4,13,4,2,6,11,2,13,94362,306,48534
LOLTMNT02_158466,T1,1,26,12,4,9.5,3,1,4,11,3,14,55596,272,42545
LOLTMNT02_157857,T1,1,66,23,7,12.71428571,3,2,5,10,1,11,86873,331,44663
LOLTMNT03_138902,T1,1,29,13,10,4.2,3,0,3,9,1,10,80082,319,44135
LOLTMNT03_139091,T1,0,24,9,16,2.0625,3,0,3,1,0,1,54743,252,28420
LOLTMNT03_138906,T1,1,18,8,4,6.5,2,1,3,9,1,10,61354,319,42168
LOLTMNT03_139097,T1,1,18,7,7,3.571428571,2,1,3,8,1,9,80288,320,39641
LOLTMNT03_143512,T1,0,7,4,18,0.611111111,2,0,2,4,0,4,57133,261,33226
LOLTMNT03_142511,T1,0,27,14,27,1.518518519,2,1,3,4,0,4,108860,371,44086
LOLTMNT03_142514,T1,0,22,7,26,1.115384615,0,0,0,3,0,3,68391,241,29895
LOLTMNT03_145467,T1,0,6,3,9,1,2,0,2,3,0,3,40730,254,33428
LOLTMNT03_145472,T1,1,55,20,13,5.769230769,3,0,3,8,1,9,111428,231,38338
LOLTMNT03_144583,T1,1,41,21,7,8.857142857,4,1,5,10,2,12,89018,234,39756
LOLTMNT03_145485,T1,1,37,18,9,6.111111111,1,1,2,8,1,9,71744,248,39073
LOLTMNT03_147323,T1,0,8,5,17,0.764705882,1,1,2,3,0,3,70043,212,30414
LOLTMNT03_146452,T1,1,20,9,10,2.9,3,2,5,9,1,10,113160,346,47625
LOLTMNT03_146454,T1,0,4,3,16,0.4375,0,0,0,2,0,2,47224,197,23756
LOLTMNT03_146456,T1,0,11,6,15,1.133333333,1,0,1,4,0,4,101458,336,38122
LOLTMNT03_146711,T1,1,31,16,15,3.133333333,5,1,6,9,1,10,89624,441,51704
LOLTMNT03_146712,T1,0,30,10,14,2.857142857,3,1,4,4,0,4,69309,277,37984
LOLTMNT03_146714,T1,1,37,15,8,6.5,4,2,6,9,1,10,116921,472,58958
LOLTMNT03_146716,T1,0,28,13,18,2.277777778,1,0,1,3,0,3,89049,358,45384
LOLTMNT03_146720,T1,0,12,6,15,1.2,1,0,1,3,0,3,56244,284,31429
LOLTMNT03_146795,T1,1,29,13,6,7,3,1,4,11,3,14,80257,238,37634
LOLTMNT03_146796,T1,0,17,8,25,1,2,0,2,2,0,2,66617,271,28597
LOLTMNT03_146797,T1,1,31,12,2,21.5,3,1,4,9,1,10,58432,281,38507
LOLTMNT03_146798,T1,0,13,5,18,1,3,0,3,2,0,2,82876,308,35102
LOLTMNT03_146799,T1,1,22,10,8,4,3,1,4,9,1,10,70183,261,41572
ESPORTSTMNT04_2660040,T1,1,46,18,12,5.333333333,2,2,4,9,2,11,91296,313,46322
ESPORTSTMNT04_2661049,T1,1,65,24,6,14.83333333,3,1,4,10,1,11,84404,241,43738
ESPORTSTMNT04_2665115,T1,0,10,3,13,1,1,0,1,3,0,3,39222,199,25255
ESPORTSTMNT04_2664115,T1,1,39,15,6,9,2,1,3,8,1,9,67881,281,38826
ESPORTSTMNT04_2663131,T1,1,41,16,2,28.5,3,1,4,11,2,13,59376,187,33698
ESPORTSTMNT03_3090563,T1,1,28,12,3,13.33333333,4,1,5,11,3,14,61065,236,35623
ESPORTSTMNT03_3090572,T1,1,25,14,15,2.6,3,1,4,10,2,12,68929,234,32852
ESPORTSTMNT03_3093250,T1,0,9,4,12,1.083333333,2,1,3,6,0,6,68498,324,37730
ESPORTSTMNT03_3093271,T1,1,43,16,15,3.933333333,3,1,4,10,2,12,80102,300,43760
ESPORTSTMNT03_3094238,T1,1,36,14,8,6.25,4,1,5,8,1,9,62875,272,35216
ESPORTSTMNT03_3098229,T1,1,49,18,11,6.090909091,4,3,7,11,3,14,122418,499,56852
ESPORTSTMNT03_3100173,T1,0,7,3,19,0.526315789,2,1,3,3,0,3,68433,314,35652
ESPORTSTMNT03_3098275,T1,0,5,2,11,0.636363636,0,0,0,1,0,1,54221,169,25148
ESPORTSTMNT03_3098936,T1,1,31,16,8,5.875,4,2,6,11,2,13,70687,324,43578
ESPORTSTMNT03_3098971,T1,0,13,8,21,1,2,0,2,3,0,3,94538,291,32735
ESPORTSTMNT03_3098980,T1,1,29,13,4,10.5,4,1,5,10,2,12,73845,229,38988
ESPORTSTMNT01_3304899,T1,1,27,12,9,4.333333333,4,1,5,11,3,14,88570,343,43434
ESPORTSTMNT01_3304926,T1,1,47,18,9,7.222222222,4,1,5,10,2,12,72699,295,42343
ESPORTSTMNT01_3310923,T1,1,22,11,8,4.125,2,1,3,11,3,14,75526,334,41037
ESPORTSTMNT01_3309997,T1,1,34,19,7,7.571428571,3,1,4,9,2,11,79153,200,34593
ESPORTSTMNT02_3151319,T1,0,5,3,18,0.444444444,0,0,0,2,0,2,37998,180,24292
ESPORTSTMNT02_3151356,T1,1,50,27,4,19.25,3,1,4,9,1,10,65190,224,40375
ESPORTSTMNT02_3152336,T1,1,30,15,7,6.428571429,3,2,5,11,2,13,57228,348,45129
ESPORTSTMNT02_3154050,T1,0,32,15,26,1.807692308,2,2,4,4,0,4,90942,315,44311
ESPORTSTMNT02_3156036,T1,1,42,20,11,5.636363636,3,1,4,9,2,11,96913,283,39080
ESPORTSTMNT02_3155063,T1,1,34,14,11,4.363636364,3,1,4,8,1,9,102479,467,48160
ESPORTSTMNT02_3161391,T1,1,32,15,10,4.7,3,1,4,11,3,14,67893,265,39071
ESPORTSTMNT02_3162355,T1,1,47,24,12,5.916666667,4,1,5,10,1,11,76986,247,41862
ESPORTSTMNT02_3163421,T1,1,24,13,2,18.5,3,1,4,11,4,15,43751,193,33555
ESPORTSTMNT02_3164423,T1,1,38,18,9,6.222222222,4,1,5,11,2,13,75172,201,39061
ESPORTSTMNT03_3111569,T1,1,18,12,2,15,3,1,4,8,1,9,36606,158,31488
ESPORTSTMNT03_3113604,T1,1,42,23,10,6.5,4,2,6,10,3,13,86501,307,44416
ESPORTSTMNT03_3116279,T1,1,17,12,4,7.25,3,1,4,9,1,10,51373,155,29412
ESPORTSTMNT03_3115330,T1,1,32,15,9,5.222222222,4,2,6,11,4,15,81998,285,40315
ESPORTSTMNT03_3124078,T1,1,36,14,1,50,4,1,5,10,2,12,70626,194,35259
ESPORTSTMNT03_3125134,T1,1,26,10,10,3.6,4,1,5,10,2,12,74348,280,35692
ESPORTSTMNT03_3128023,T1,0,36,16,18,2.888888889,4,0,4,4,0,4,97586,420,42086
ESPORTSTMNT03_3126091,T1,1,49,22,9,7.888888889,5,1,6,8,1,9,106649,397,45132
ESPORTSTMNT03_3128073,T1,1,35,14,4,12.25,3,0,3,8,1,9,56250,187,29548
ESPORTSTMNT01_3324334,T1,1,27,11,6,6.333333333,2,1,3,8,1,9,49536,233,33880
ESPORTSTMNT01_3325316,T1,1,28,14,8,5.25,2,2,4,11,3,14,86245,420,47785
ESPORTSTMNT01_3327201,T1,1,17,14,6,5.166666667,3,1,4,9,1,10,57732,187,31953
ESPORTSTMNT01_3328186,T1,1,39,20,5,11.8,1,0,1,7,1,8,59033,127,31299
ESPORTSTMNT01_3332801,T1,1,20,10,1,30,5,1,6,11,4,15,62081,287,45157
ESPORTSTMNT01_3331791,T1,0,34,14,23,2.086956522,1,2,3,4,0,4,95062,364,43751
ESPORTSTMNT01_3331800,T1,1,31,15,5,9.2,4,1,5,10,3,13,60131,262,41354
ESPORTSTMNT01_3330869,T1,0,21,8,22,1.318181818,1,0,1,2,0,2,65282,311,36392
ESPORTSTMNT01_3331817,T1,1,74,33,27,3.962962963,2,3,5,11,6,17,148566,562,69687
ESPORTSTMNT01_3336792,T1,1,65,23,8,11,5,2,7,11,4,15,93398,334,49060
ESPORTSTMNT01_3338726,T1,1,59,19,14,5.571428571,5,1,6,8,2,10,105432,369,49480
ESPORTSTMNT01_3336831,T1,0,26,10,16,2.25,3,2,5,9,3,12,74235,399,46685
ESPORTSTMNT01_3336846,T1,1,42,14,7,8,4,1,5,9,1,10,76343,271,34949
ESPORTSTMNT01_3344120,T1,0,16,6,22,1,2,1,3,4,0,4,61253,353,38660
ESPORTSTMNT01_3344136,T1,0,24,9,19,1.736842105,2,0,2,3,0,3,66232,330,37600
ESPORTSTMNT01_3344140,T1,1,30,12,9,4.666666667,1,1,2,9,2,11,71730,191,33186
ESPORTSTMNT01_3344160,T1,0,26,14,19,2.105263158,3,0,3,4,0,4,85064,285,37305
ESPORTSTMNT04_2674856,T1,1,69,28,23,4.217391304,3,2,5,7,1,8,80513,332,43965
ESPORTSTMNT04_2674867,T1,1,46,20,5,13.2,3,1,4,11,3,14,54626,186,33768
ESPORTSTMNT04_2673879,T1,1,34,19,5,10.6,2,0,2,7,1,8,38229,96,25455
ESPORTSTMNT04_2673966,T1,1,29,12,4,10.25,4,2,6,10,2,12,79997,345,43158
ESPORTSTMNT04_2674965,T1,1,50,18,9,7.555555556,4,1,5,10,2,12,57393,209,34499
ESPORTSTMNT04_2674967,T1,0,33,16,17,2.882352941,3,1,4,8,1,9,71722,276,36367
ESPORTSTMNT04_2674968,T1,0,15,7,20,1.1,3,0,3,1,0,1,63046,251,28184
ESPORTSTMNT04_2673984,T1,1,15,7,3,7.333333333,3,0,3,6,1,7,34983,191,28454
ESPORTSTMNT04_2679094,T1,0,11,3,17,0.823529412,0,0,0,2,0,2,41637,226,25813
ESPORTSTMNT04_2677137,T1,1,20,9,9,3.222222222,1,0,1,6,1,7,47302,178,27957
ESPORTSTMNT04_2679107,T1,1,37,12,10,4.9,2,0,2,6,1,7,52740,212,28712
ESPORTSTMNT04_2679108,T1,0,18,7,16,1.5625,1,0,1,3,0,3,41686,280,30852
ESPORTSTMNT04_2679110,T1,0,26,9,16,2.1875,2,1,3,5,0,5,95331,305,38722
ESPORTSTMNT04_2679153,T1,0,31,14,23,1.956521739,4,2,6,6,0,6,90580,421,50374
ESPORTSTMNT04_2679169,T1,0,8,4,14,0.857142857,0,0,0,2,0,2,47302,178,25932
ESPORTSTMNT04_2679171,T1,1,38,20,8,7.25,5,2,7,11,3,14,76831,321,44895
ESPORTSTMNT04_2677203,T1,0,22,11,16,2.0625,1,0,1,3,0,3,66011,318,40699
ESPORTSTMNT03_3168168,T1,0,25,7,14,2.285714286,4,1,5,7,1,8,86390,387,49296
ESPORTSTMNT03_3169092,T1,1,14,8,3,7.333333333,4,1,5,10,2,12,42530,197,34296
ESPORTSTMNT03_3170048,T1,1,26,8,5,6.8,3,1,4,8,1,9,60248,316,36234
ESPORTSTMNT03_3170256,T1,0,26,10,16,2.25,2,0,2,2,0,2,52614,149,25996
ESPORTSTMNT03_3169305,T1,1,38,17,8,6.875,3,1,4,11,3,14,85569,224,40190
ESPORTSTMNT03_3170267,T1,0,23,11,15,2.266666667,1,0,1,3,0,3,63135,295,35188
ESPORTSTMNT01_3374638,T1,1,46,16,15,4.133333333,3,1,4,9,1,10,101286,393,46543
ESPORTSTMNT01_3372716,T1,1,37,18,6,9.166666667,4,1,5,11,3,14,65669,188,37309
ESPORTSTMNT01_3378634,T1,1,23,13,6,6,4,2,6,9,1,10,90502,372,49407
ESPORTSTMNT01_3378674,T1,1,38,14,4,13,1,1,2,10,2,12,50889,184,34408
ESPORTSTMNT01_3384667,T1,1,43,18,4,15.25,4,0,4,9,1,10,93377,278,39820
ESPORTSTMNT01_3384734,T1,1,43,19,5,12.4,3,1,4,11,3,14,77277,217,38864
ESPORTSTMNT01_3385759,T1,0,9,3,16,0.75,0,0,0,1,0,1,59158,242,27665
ESPORTSTMNT01_3386695,T1,0,13,7,22,0.909090909,1,0,1,3,0,3,39981,219,28081
ESPORTSTMNT02_3213774,T1,1,39,17,8,7,4,1,5,8,1,9,56837,233,37519
ESPORTSTMNT02_3216293,T1,1,54,24,12,6.5,4,1,5,9,1,10,93051,281,42592
ESPORTSTMNT02_3217260,T1,0,31,10,20,2.05,1,1,2,7,1,8,90403,310,36616
ESPORTSTMNT02_3218220,T1,1,42,13,7,7.857142857,2,1,3,11,3,14,60832,249,37997
ESPORTSTMNT02_3216786,T1,1,41,16,11,5.181818182,3,1,4,8,1,9,65793,209,40975
ESPORTSTMNT02_3217738,T1,0,4,2,19,0.315789474,1,0,1,3,0,3,50814,252,29753
ESPORTSTMNT02_3217759,T1,0,12,6,18,1,1,1,2,1,0,1,45193,259,34621
ESPORTSTMNT02_3217961,T1,0,2,1,21,0.142857143,0,0,0,1,0,1,41487,179,22985
ESPORTSTMNT02_3217972,T1,0,10,7,12,1.416666667,1,0,1,1,0,1,38909,213,29314
ESPORTSTMNT02_3220410,T1,1,37,18,7,7.857142857,4,2,6,8,1,9,92580,344,48465
ESPORTSTMNT02_3219847,T1,1,46,27,6,12.16666667,4,2,6,10,2,12,80497,253,44414
ESPORTSTMNT02_3221546,T1,0,33,16,15,3.266666667,3,2,5,6,0,6,91552,430,49741
ESPORTSTMNT02_3222016,T1,0,51,15,26,2.538461538,0,0,0,3,0,3,133877,311,50461
ESPORTSTMNT02_3220958,T1,0,6,3,17,0.529411765,2,0,2,1,0,1,30324,187,19942
ESPORTSTMNT02_3221926,T1,0,34,14,21,2.285714286,2,0,2,2,0,2,95249,393,41868
ESPORTSTMNT02_3224004,T1,0,21,7,11,2.545454545,1,1,2,7,0,7,85459,382,45682
ESPORTSTMNT02_3223058,T1,1,47,15,5,12.4,2,1,3,11,4,15,77428,316,42695
ESPORTSTMNT02_3222438,T1,0,6,2,11,0.727272727,0,0,0,1,0,1,40739,245,30425
ESPORTSTMNT03_3197780,T1,1,22,10,6,5.333333333,3,2,5,8,1,9,72206,269,38170
ESPORTSTMNT03_3195856,T1,0,21,8,17,1.705882353,1,0,1,2,0,2,62084,235,31257
ESPORTSTMNT03_3196827,T1,0,10,4,11,1.272727273,1,0,1,6,0,6,51121,327,37148
ESPORTSTMNT03_3199067,T1,0,8,4,16,0.75,0,0,0,2,0,2,50325,178,23537
ESPORTSTMNT03_3199084,T1,0,10,5,21,0.714285714,0,1,1,3,0,3,37194,200,29074
ESPORTSTMNT01_3404937,T1,1,34,13,4,11.75,3,1,4,7,1,8,45735,188,31895
ESPORTSTMNT01_3404962,T1,1,43,15,3,19.33333333,2,1,3,10,2,12,53350,195,35752
ESPORTSTMNT01_3407478,T1,1,35,12,5,9.4,2,2,4,10,2,12,55713,238,37052
ESPORTSTMNT01_3408461,T1,0,0,0,0,∞,0,0,0,0,0,0,1591,3,1925
ESPORTSTMNT01_3407530,T1,1,58,21,4,19.75,4,2,6,11,3,14,88944,303,45881
ESPORTSTMNT01_3410713,T1,1,33,13,6,7.666666667,4,2,6,10,2,12,65536,246,39011
ESPORTSTMNT01_3410723,T1,0,4,2,12,0.5,1,1,2,4,0,4,49583,281,35740
ESPORTSTMNT01_3410725,T1,1,37,15,12,4.333333333,4,1,5,8,1,9,85921,348,44578
ESPORTSTMNT01_3411711,T1,1,30,10,3,13.33333333,2,1,3,10,2,12,41967,305,42630
ESPORTSTMNT01_3412825,T1,0,11,4,17,0.882352941,0,0,0,1,0,1,40952,165,22603
ESPORTSTMNT01_3412846,T1,1,47,19,7,9.428571429,4,1,5,8,1,9,61629,209,37101
ESPORTSTMNT01_3412852,T1,1,49,20,6,11.5,4,2,6,11,3,14,80062,221,42087
ESPORTSTMNT01_3410923,T1,0,19,7,24,1.083333333,2,0,2,3,0,3,64202,236,29813
ESPORTSTMNT01_3410933,T1,1,44,17,10,6.1,4,1,5,11,3,14,97507,406,49997
ESPORTSTMNT01_3415148,T1,0,20,9,20,1.45,0,0,0,2,0,2,51782,203,27584
ESPORTSTMNT01_3415168,T1,1,17,7,8,3,4,2,6,9,2,11,54761,282,38965
ESPORTSTMNT01_3413257,T1,1,55,19,7,10.57142857,2,1,3,8,1,9,60769,167,33903
ESPORTSTMNT01_3413260,T1,0,10,5,17,0.882352941,1,0,1,4,0,4,47936,249,30347
ESPORTSTMNT01_3415182,T1,0,7,3,17,0.588235294,1,0,1,2,0,2,49533,236,27958
ESPORTSTMNT01_3416038,T1,1,45,13,4,14.5,3,0,3,9,2,11,65869,319,39414
ESPORTSTMNT01_3416073,T1,1,38,14,5,10.4,2,1,3,10,1,11,67006,311,42622
ESPORTSTMNT01_3416074,T1,0,8,3,16,0.6875,1,0,1,2,0,2,57036,223,26717
ESPORTSTMNT01_3416088,T1,0,29,9,23,1.652173913,1,1,2,5,0,5,87404,333,38448
ESPORTSTMNT01_3415991,T1,1,60,21,11,7.363636364,4,1,5,9,1,10,135672,430,52015
ESPORTSTMNT01_3418098,T1,0,8,4,21,0.571428571,0,1,1,3,0,3,66874,261,29739
ESPORTSTMNT01_3417138,T1,0,9,4,19,0.684210526,2,0,2,1,0,1,54193,218,27572
ESPORTSTMNT01_3417141,T1,0,43,15,25,2.32,3,1,4,4,0,4,106597,312,41435
ESPORTSTMNT03_3216888,T1,1,38,15,14,3.785714286,2,0,2,7,1,8,90082,393,43500
ESPORTSTMNT03_3220119,T1,0,8,6,14,1,1,0,1,4,0,4,45362,267,30519
ESPORTSTMNT03_3221373,T1,1,34,15,0,∞,3,1,4,10,2,12,56137,193,33685
ESPORTSTMNT03_3223206,T1,1,26,13,3,13,3,1,4,10,2,12,57808,230,38208
ESPORTSTMNT03_3224164,T1,1,46,16,6,10.33333333,4,1,5,9,1,10,67311,283,39197
ESPORTSTMNT03_3225718,T1,1,39,13,2,26,4,1,5,8,1,9,46227,214,36392
ESPORTSTMNT03_3227177,T1,1,18,8,3,8.666666667,4,0,4,7,1,8,50493,364,35345
ESPORTSTMNT03_3226221,T1,1,25,13,3,12.66666667,4,1,5,10,2,12,69152,247,34895
ESPORTSTMNT03_3228010,T1,1,57,23,8,10,2,0,2,7,1,8,60455,246,31592
ESPORTSTMNT03_3227454,T1,0,19,7,20,1.3,2,0,2,3,0,3,79762,338,38666
ESPORTSTMNT03_3227455,T1,1,42,18,10,6,4,1,5,6,1,7,68734,254,35090
ESPORTSTMNT03_3228025,T1,1,38,16,6,9,4,2,6,11,3,14,81248,265,43527
ESPORTSTMNT03_3228396,T1,1,25,14,5,7.8,4,2,6,10,2,12,77998,272,41931
ESPORTSTMNT03_3227846,T1,1,36,14,2,25,2,1,3,8,1,9,62480,219,39820
ESPORTSTMNT03_3227847,T1,1,48,19,5,13.4,4,1,5,8,1,9,49608,205,35299
ESPORTSTMNT01_2690705,T1,1,26,12,7,5.428571429,5,1,6,7,1,8,74327,332,42304
ESPORTSTMNT01_2690725,T1,1,31,18,4,12.25,3,1,4,10,1,11,63088,202,34268
ESPORTSTMNT01_2691518,T1,0,21,11,17,1.882352941,1,1,2,5,0,5,69963,340,46671
ESPORTSTMNT01_2691546,T1,1,53,21,13,5.692307692,5,1,6,10,1,11,111702,387,57456
ESPORTSTMNT01_2691557,T1,1,41,18,4,14.75,5,2,7,11,5,16,73499,405,51953
ESPORTSTMNT01_2704285,T1,1,47,19,9,7.333333333,4,1,5,7,1,8,45660,260,38040
ESPORTSTMNT01_2694425,T1,1,30,14,8,5.5,2,1,3,9,1,10,49718,223,37231
ESPORTSTMNT01_2705912,T1,1,42,19,12,5.083333333,4,1,5,9,1,10,95554,253,42203
ESPORTSTMNT01_2705943,T1,1,29,10,2,19.5,2,0,2,7,1,8,40300,167,28606
ESPORTSTMNT02_2551187,T1,1,10,5,7,2.142857143,5,3,8,11,3,14,59640,434,55000
ESPORTSTMNT02_2551235,T1,0,13,5,19,0.947368421,0,1,1,5,0,5,49498,211,32164
ESPORTSTMNT02_2551249,T1,1,43,19,8,7.75,4,1,5,10,3,13,86591,396,46728
ESPORTSTMNT02_2552430,T1,0,23,9,14,2.285714286,3,1,4,7,1,8,104531,536,58113
ESPORTSTMNT02_2552458,T1,1,46,19,5,13,4,2,6,11,5,16,54688,250,41452
ESPORTSTMNT02_2552463,T1,1,55,20,15,5,3,1,4,8,1,9,80576,269,43986
ESPORTSTMNT02_2577665,T1,0,20,8,17,1.647058824,1,0,1,2,0,2,50476,211,34078
ESPORTSTMNT02_2557691,T1,1,22,10,7,4.571428571,3,1,4,9,2,11,52372,172,32631
ESPORTSTMNT02_2557693,T1,1,34,15,11,4.454545455,2,2,4,10,3,13,100354,397,55055
ESPORTSTMNT02_2578644,T1,1,57,21,14,5.571428571,3,2,5,8,1,9,125450,375,61049
ESPORTSTMNT02_2578670,T1,1,32,13,9,5,3,1,4,11,3,14,62231,222,39745
ESPORTSTMNT03_2546137,T1,1,46,22,25,2.72,2,2,4,11,5,16,96958,239,45038
ESPORTSTMNT03_2546195,T1,1,37,20,8,7.125,1,1,2,10,2,12,43258,165,34417
ESPORTSTMNT03_2547455,T1,1,24,8,0,∞,5,1,6,7,1,8,48160,410,45377
ESPORTSTMNT03_2547511,T1,0,44,20,28,2.285714286,1,1,2,8,2,10,93515,380,47093
ESPORTSTMNT03_2547540,T1,1,43,20,5,12.6,3,1,4,8,1,9,64259,273,36879
ESPORTSTMNT03_2568861,T1,1,49,22,11,6.454545455,2,2,4,9,1,10,71936,248,42668
ESPORTSTMNT03_2568906,T1,1,32,12,12,3.666666667,2,2,4,9,1,10,81499,409,52426
ESPORTSTMNT03_2580163,T1,1,40,19,12,4.916666667,2,1,3,9,1,10,75937,225,41116
ESPORTSTMNT03_2580198,T1,1,32,15,7,6.714285714,2,1,3,9,1,10,52114,220,35354
ESPORTSTMNT01_2734770,T1,1,46,20,6,11,2,1,3,10,2,12,71697,286,42681
ESPORTSTMNT01_2744817,T1,1,33,15,9,5.333333333,1,2,3,11,4,15,87474,293,43239
ESPORTSTMNT01_2770993,T1,1,30,16,15,3.066666667,2,0,2,9,1,10,64293,284,44301
ESPORTSTMNT01_2771060,T1,1,36,17,17,3.117647059,3,1,4,10,1,11,77072,269,42770
ESPORTSTMNT01_2773445,T1,1,32,14,11,4.181818182,1,1,2,10,2,12,72974,296,45314
ESPORTSTMNT01_2773482,T1,0,19,8,20,1.35,1,0,1,2,0,2,56771,257,31403
ESPORTSTMNT01_2773491,T1,1,36,21,12,4.75,4,1,5,11,3,14,79272,234,41789
ESPORTSTMNT04_2210465,T1,1,38,19,4,14.25,1,0,1,8,1,9,47062,121,31732
ESPORTSTMNT04_2210474,T1,1,32,22,4,13.5,1,0,1,10,2,12,46322,112,32993
ESPORTSTMNT02_2662403,T1,0,23,10,19,1.736842105,2,0,2,8,2,10,106075,328,48213
ESPORTSTMNT02_2672267,T1,1,36,23,3,19.66666667,2,1,3,10,1,11,58355,146,34102
ESPORTSTMNT02_2672271,T1,1,44,20,8,8,1,1,2,11,3,14,70030,159,36419
ESPORTSTMNT02_2672727,T1,1,34,16,4,12.5,4,0,4,8,1,9,72697,241,36839
ESPORTSTMNT02_2672743,T1,1,45,21,9,7.333333333,4,1,5,10,1,11,63373,210,40603
ESPORTSTMNT02_2673855,T1,1,34,13,3,15.66666667,2,1,3,8,1,9,54433,213,33728
ESPORTSTMNT02_2664035,T1,1,36,19,4,13.75,2,0,2,9,2,11,49054,143,30846
ESPORTSTMNT02_2664040,T1,1,39,20,11,5.363636364,3,1,4,10,2,12,59610,264,44130
ESPORTSTMNT02_2674644,T1,1,32,15,8,5.875,3,0,3,8,1,9,57624,218,36620
ESPORTSTMNT02_2674660,T1,0,35,17,29,1.793103448,0,1,1,4,0,4,90128,259,40894
ESPORTSTMNT02_2674677,T1,1,22,15,3,12.33333333,2,1,3,10,2,12,77363,325,45145
ESPORTSTMNT02_2674680,T1,1,39,21,4,15,2,1,3,10,1,11,55252,237,37747
ESPORTSTMNT03_2701896,T1,1,36,23,11,5.363636364,2,1,3,10,2,12,70032,175,38468
ESPORTSTMNT03_2702237,T1,1,38,25,4,15.75,2,0,2,11,2,13,46989,151,34011
ESPORTSTMNT03_2712615,T1,1,40,26,11,6,2,1,3,10,1,11,65759,223,41214
ESPORTSTMNT03_2713259,T1,1,28,18,6,7.666666667,3,1,4,10,1,11,44711,221,34380
ESPORTSTMNT03_2713280,T1,1,32,20,8,6.5,1,1,2,10,2,12,46964,162,39299
ESPORTSTMNT03_2713300,T1,1,26,17,5,8.6,2,1,3,8,1,9,46003,142,31019
ESPORTSTMNT03_2714142,T1,0,16,8,20,1.2,3,0,3,8,0,8,57949,268,44382
ESPORTSTMNT03_2714207,T1,1,30,15,9,5,4,2,6,11,4,15,59568,354,46596
ESPORTSTMNT03_2714336,T1,1,49,20,6,11.5,1,1,2,9,1,10,49397,149,34875
ESPORTSTMNT03_2714351,T1,0,29,14,24,1.791666667,3,1,4,6,0,6,68623,214,36415
ESPORTSTMNT03_2714405,T1,1,27,12,4,9.75,2,1,3,8,1,9,45114,171,34245
ESPORTSTMNT03_2714443,T1,1,40,14,12,4.5,2,1,3,9,1,10,65701,282,44050
ESPORTSTMNT03_2714500,T1,0,24,11,22,1.590909091,3,0,3,5,0,5,67318,236,35136
ESPORTSTMNT03_2714529,T1,1,44,18,9,6.888888889,1,0,1,9,1,10,40934,136,29981
ESPORTSTMNT03_2714582,T1,1,54,24,9,8.666666667,2,1,3,10,2,12,60488,164,37152
ESPORTSTMNT03_2714611,T1,1,29,12,10,4.1,3,1,4,8,1,9,56796,267,40753
ESPORTSTMNT03_2714838,T1,1,27,13,7,5.714285714,3,1,4,11,2,13,44409,189,34700
ESPORTSTMNT03_2714847,T1,1,41,18,11,5.363636364,1,1,2,11,2,13,69899,252,44532
ESPORTSTMNT03_2714848,T1,1,42,22,6,10.66666667,2,0,2,8,1,9,56759,149,31127
ESPORTSTMNT03_2714860,T1,0,17,6,19,1.210526316,0,0,0,3,0,3,60615,268,33469
ESPORTSTMNT03_2714868,T1,1,23,15,5,7.6,1,0,1,8,1,9,47358,172,33736
ESPORTSTMNT03_2714869,T1,0,17,8,24,1.041666667,0,0,0,3,0,3,47892,191,29300
ESPORTSTMNT03_2714870,T1,1,29,10,3,13,3,1,4,8,1,9,44305,243,34892
ESPORTSTMNT03_2714871,T1,0,7,3,15,0.666666667,0,0,0,1,0,1,30030,149,21433
ESPORTSTMNT05_2780049,T1,1,44,16,1,60,4,2,6,11,3,14,87928,386,54079
ESPORTSTMNT05_2780070,T1,1,27,19,25,1.84,0,3,3,9,1,10,130567,417,59782
ESPORTSTMNT02_2830769,T1,0,5,4,18,0.5,1,2,3,2,0,2,51047,239,35151
ESPORTSTMNT02_2830808,T1,1,29,11,7,5.714285714,1,1,2,9,2,11,57408,219,41110
ESPORTSTMNT02_2840731,T1,1,44,18,19,3.263157895,3,2,5,9,2,11,92219,373,57229
ESPORTSTMNT03_2794885,T1,1,44,16,5,12,2,1,3,10,2,12,59878,175,37928
ESPORTSTMNT03_2794935,T1,1,32,13,4,11.25,1,0,1,9,1,10,46261,181,30318
ESPORTSTMNT03_2786350,T1,1,25,11,8,4.5,4,2,6,9,1,10,69987,301,41295
ESPORTSTMNT03_2786361,T1,1,45,18,11,5.727272727,4,2,6,8,1,9,66939,270,41077
ESPORTSTMNT06_2500018,T1,1,23,10,8,4.125,3,1,4,10,2,12,74955,249,36489
ESPORTSTMNT06_2500033,T1,0,3,2,12,0.416666667,1,0,1,4,0,4,43397,248,32113
ESPORTSTMNT06_2500037,T1,0,27,10,19,1.947368421,2,0,2,6,0,6,67580,317,45893
ESPORTSTMNT06_2500166,T1,1,40,18,10,5.8,3,1,4,8,2,10,91855,292,47639
ESPORTSTMNT06_2500194,T1,1,42,16,2,29,4,0,4,7,1,8,63697,229,36280
ESPORTSTMNT04_2411346,T1,0,7,3,9,1.111111111,1,0,1,1,0,1,44307,168,27925
ESPORTSTMNT04_2411358,T1,1,24,13,8,4.625,3,1,4,7,1,8,56192,265,39156
ESPORTSTMNT04_2411364,T1,1,24,9,3,11,3,1,4,8,1,9,71464,213,37307
ESPORTSTMNT04_2411526,T1,1,39,13,8,6.5,0,0,0,7,1,8,56519,224,34531
ESPORTSTMNT04_2411536,T1,1,65,26,11,8.272727273,4,1,5,9,1,10,56037,173,39643
ESPORTSTMNT05_2951501,T1,1,26,11,8,4.625,3,1,4,11,3,14,76634,242,40892
ESPORTSTMNT05_2951513,T1,0,22,10,20,1.6,1,1,2,3,0,3,69623,304,39868
ESPORTSTMNT05_2951542,T1,1,22,11,3,11,4,1,5,10,2,12,60917,243,42654
ESPORTSTMNT05_2942496,T1,1,32,13,1,45,3,1,4,9,2,11,64701,193,34844
ESPORTSTMNT05_2942515,T1,1,45,18,15,4.2,2,2,4,10,1,11,83419,275,48169
ESPORTSTMNT05_2990357,T1,0,9,4,17,0.764705882,2,0,2,4,0,4,47262,232,33324
ESPORTSTMNT05_2990375,T1,1,39,16,11,5,3,2,5,9,1,10,73868,266,43533
ESPORTSTMNT05_2990380,T1,1,32,11,10,4.3,4,1,5,9,1,10,77617,381,44571
ESPORTSTMNT05_2980556,T1,0,10,6,16,1,1,0,1,4,0,4,59896,221,34431
ESPORTSTMNT05_2980569,T1,1,25,15,9,4.444444444,3,2,5,9,1,10,66536,295,44652
ESPORTSTMNT05_2980571,T1,1,46,17,10,6.3,5,2,7,8,1,9,86241,298,46737
ESPORTSTMNT06_2540974,T1,1,34,12,3,15.33333333,2,1,3,9,1,10,59762,217,39852
ESPORTSTMNT06_2531013,T1,0,19,6,14,1.785714286,1,0,1,6,0,6,51588,217,33808
ESPORTSTMNT06_2531015,T1,1,39,12,8,6.375,3,1,4,8,1,9,70505,218,36257
ESPORTSTMNT06_2531456,T1,0,14,6,9,2.222222222,1,0,1,3,0,3,46181,233,34898
ESPORTSTMNT06_2531479,T1,0,11,4,15,1,1,0,1,3,0,3,44615,142,22883
ESPORTSTMNT06_2532067,T1,1,35,17,2,26,2,1,3,11,2,13,65849,260,46228
ESPORTSTMNT06_2532090,T1,1,62,20,4,20.5,3,1,4,10,3,13,70435,186,39763
ESPORTSTMNT06_2542204,T1,1,38,16,9,6,4,1,5,10,1,11,64968,230,39531
ESPORTSTMNT06_2542219,T1,0,2,2,21,0.19047619,1,0,1,4,0,4,73972,225,33823
ESPORTSTMNT06_2542222,T1,1,56,20,15,5.066666667,4,1,5,9,2,11,93093,269,44667
ESPORTSTMNT04_2450715,T1,0,18,5,17,1.352941176,0,0,0,2,0,2,46410,205,29203
ESPORTSTMNT04_2450722,T1,0,13,8,21,1,0,0,0,2,0,2,52482,133,22605
ESPORTSTMNT04_2451162,T1,1,48,17,5,13,4,1,5,9,1,10,66203,240,40478
ESPORTSTMNT04_2451186,T1,1,54,21,7,10.71428571,4,2,6,10,1,11,87362,246,44186
ESPORTSTMNT04_2451769,T1,1,47,18,7,9.285714286,1,0,1,8,1,9,64990,176,32037
ESPORTSTMNT04_2451770,T1,1,38,16,10,5.4,1,1,2,7,1,8,58913,177,33366
ESPORTSTMNT04_2451771,T1,0,22,8,15,2,1,0,1,3,0,3,51987,315,36527
ESPORTSTMNT04_2451774,T1,0,10,6,18,0.888888889,1,2,3,4,0,4,40474,242,34576
ESPORTSTMNT04_2451777,T1,1,30,10,2,20,4,2,6,9,1,10,52666,364,48342
ESPORTSTMNT04_2451974,T1,0,18,8,19,1.368421053,1,1,2,3,0,3,71790,277,38632
ESPORTSTMNT04_2472110,T1,0,4,2,17,0.352941176,0,0,0,0,0,0,46330,155,21410
ESPORTSTMNT04_2472111,T1,0,6,3,11,0.818181818,2,1,3,5,0,5,51760,266,33802
ESPORTSTMNT02_3045232,T1,1,51,18,6,11.5,2,0,2,8,1,9,55226,126,30191
ESPORTSTMNT02_3045472,T1,0,12,7,19,1,2,0,2,4,0,4,46118,172,26380
ESPORTSTMNT02_3045877,T1,1,40,18,3,19.33333333,2,1,3,11,3,14,52476,195,37091
ESPORTSTMNT02_3057478,T1,1,28,15,7,6.142857143,2,2,4,11,3,14,81957,195,38051
ESPORTSTMNT02_3057505,T1,1,36,16,8,6.5,1,1,2,10,1,11,60104,129,33066
ESPORTSTMNT02_3057516,T1,1,58,24,8,10.25,4,1,5,9,1,10,87403,211,40854
ESPORTSTMNT02_3048468,T1,1,39,15,10,5.4,3,1,4,11,3,14,82048,374,51347
ESPORTSTMNT02_3048492,T1,1,35,13,14,3.428571429,2,2,4,7,1,8,102803,287,52516
ESPORTSTMNT02_3048494,T1,1,57,27,11,7.636363636,2,1,3,9,1,10,78927,163,38022
ESPORTSTMNT02_3059738,T1,0,39,14,20,2.65,1,1,2,5,0,5,89988,324,43089
ESPORTSTMNT02_3059755,T1,1,32,17,12,4.083333333,2,2,4,10,3,13,86270,208,45063
ESPORTSTMNT02_3059756,T1,1,51,23,18,4.111111111,3,2,5,10,2,12,95733,252,46848
ESPORTSTMNT02_3059758,T1,1,76,30,7,15.14285714,4,1,5,10,2,12,80905,158,37311
ESPORTSTMNT02_3080864,T1,1,29,15,5,8.8,4,2,6,11,5,16,72377,239,40998
ESPORTSTMNT02_3080870,T1,0,29,13,18,2.333333333,4,0,4,4,0,4,117906,490,49934
ESPORTSTMNT02_3080871,T1,1,23,12,12,2.916666667,3,2,5,10,2,12,83251,290,39018
ESPORTSTMNT02_3080872,T1,0,8,4,14,0.857142857,1,0,1,3,0,3,40410,186,27420
ESPORTSTMNT02_3080905,T1,0,20,10,19,1.578947368,2,2,4,8,2,10,104654,377,44896
ESPORTSTMNT01/1690563,T1,1,28,12,1,40,2,1,3,11,3,14,38151,250,39322
ESPORTSTMNT01/1690580,T1,0,23,8,17,1.823529412,0,0,0,5,0,5,45013,215,32712
ESPORTSTMNT01/1690585,T1,1,43,24,16,4.1875,4,1,5,10,1,11,67988,201,45476
ESPORTSTMNT01/1691071,T1,1,36,13,3,16.33333333,3,1,4,11,3,14,51980,250,39737
ESPORTSTMNT01/1691105,T1,0,14,5,18,1.055555556,1,0,1,1,0,1,44256,262,30091
ESPORTSTMNT01/1691118,T1,0,44,18,17,3.647058824,1,0,1,5,0,5,71289,344,46445
ESPORTSTMNT01/1693483,T1,1,26,13,8,4.875,4,1,5,10,2,12,62731,311,44819
ESPORTSTMNT01/1693567,T1,0,8,5,16,0.8125,1,0,1,0,0,0,43268,191,24104
ESPORTSTMNT01/1693576,T1,0,20,11,17,1.823529412,1,0,1,3,0,3,55328,258,34568
ESPORTSTMNT01/1720608,T1,1,36,14,4,12.5,4,2,6,10,2,12,52513,331,43879
ESPORTSTMNT01/1720684,T1,0,16,6,16,1.375,2,0,2,3,0,3,62357,304,40241
ESPORTSTMNT01/1720707,T1,0,28,11,14,2.785714286,2,2,4,4,0,4,61844,256,39319
ESPORTSTMNT05/1830237,T1,1,45,23,20,3.4,4,1,5,11,6,17,99763,401,53993
ESPORTSTMNT05/1830257,T1,1,48,19,13,5.153846154,5,1,6,9,2,11,77589,297,44632
ESPORTSTMNT05/1820657,T1,0,4,3,15,0.466666667,2,0,2,4,0,4,50121,320,34560
ESPORTSTMNT05/1830686,T1,0,22,14,24,1.5,3,0,3,4,0,4,84342,276,36022
ESPORTSTMNT02/1684151,T1,1,37,16,1,53,3,1,4,8,1,9,52178,224,36258
ESPORTSTMNT02/1684220,T1,0,18,7,21,1.19047619,4,0,4,5,1,6,83827,257,36127
ESPORTSTMNT02/1684227,T1,1,30,13,4,10.75,2,1,3,9,1,10,47410,238,35598
ESPORTSTMNT05/1821563,T1,1,45,19,2,32,3,1,4,10,1,11,58136,173,36770
ESPORTSTMNT05/1821586,T1,1,39,16,1,55,2,1,3,11,1,12,51808,198,36860
ESPORTSTMNT03/1764085,T1,0,19,6,12,2.083333333,3,0,3,3,0,3,44502,276,29725
ESPORTSTMNT03/1764121,T1,1,49,19,14,4.857142857,4,0,4,6,1,7,59318,249,38112
ESPORTSTMNT03/1764123,T1,0,6,2,12,0.666666667,2,0,2,2,0,2,33986,215,25514
ESPORTSTMNT03/1765213,T1,1,33,17,9,5.555555556,5,1,6,8,3,11,65570,293,45250
ESPORTSTMNT03/1765245,T1,1,39,17,5,11.2,2,1,3,8,1,9,63191,184,32798
ESPORTSTMNT03/1766665,T1,1,28,14,8,5.25,3,2,5,10,2,12,73528,275,47764
ESPORTSTMNT03/1757105,T1,1,34,17,14,3.642857143,3,2,5,11,4,15,79803,250,47913
ESPORTSTMNT03/1757851,T1,0,24,8,18,1.777777778,0,0,0,1,0,1,45985,152,28120
ESPORTSTMNT03/1757878,T1,1,64,24,9,9.777777778,1,1,2,8,1,9,80095,238,44017
ESPORTSTMNT03/1757884,T1,0,19,10,21,1.380952381,1,0,1,3,0,3,41683,155,26664
ESPORTSTMNT01/1883205,T1,0,8,3,16,0.6875,0,0,0,1,0,1,38287,224,29385
ESPORTSTMNT01/1883256,T1,0,12,5,18,0.944444444,0,0,0,3,0,3,37213,337,32395
ESPORTSTMNT01/1894384,T1,1,31,11,3,14,3,1,4,10,2,12,57870,271,40264
ESPORTSTMNT01/1894450,T1,1,60,22,11,7.454545455,5,1,6,10,2,12,99500,410,55781
ESPORTSTMNT01/1887149,T1,1,45,20,5,13,2,1,3,10,3,13,72258,268,41284
ESPORTSTMNT01/1887197,T1,1,52,19,5,14.2,1,1,2,9,1,10,56380,304,41850
ESPORTSTMNT02/1734439,T1,1,40,18,12,4.833333333,2,2,4,10,2,12,82997,341,47843
ESPORTSTMNT02/1734480,T1,1,43,21,6,10.66666667,3,1,4,9,1,10,58639,242,38665
ESPORTSTMNT02/1735199,T1,1,48,17,10,6.5,1,2,3,8,1,9,80131,307,42365
ESPORTSTMNT02/1735242,T1,0,34,14,22,2.181818182,1,1,2,3,1,4,96891,280,36976
ESPORTSTMNT02/1735257,T1,1,51,17,6,11.33333333,1,0,1,9,2,11,63355,230,34702
ESPORTSTMNT02/1770188,T1,1,56,25,2,40.5,3,1,4,7,2,9,65926,169,33501
ESPORTSTMNT02/1770207,T1,1,33,16,8,6.125,1,2,3,10,1,11,57222,282,43897
ESPORTSTMNT03/1813176,T1,1,39,15,12,4.5,3,0,3,10,1,11,73514,422,47813
ESPORTSTMNT03/1813217,T1,0,25,11,20,1.8,1,1,2,6,0,6,78075,401,43396
ESPORTSTMNT03/1813262,T1,1,28,14,7,6,3,1,4,10,3,13,59551,192,36729
ESPORTSTMNT03/1813278,T1,1,31,19,6,8.333333333,4,1,5,9,2,11,60882,209,36724
ESPORTSTMNT03/1814273,T1,0,0,0,10,0,1,1,2,4,0,4,43665,314,34910
ESPORTSTMNT03/1814382,T1,0,5,2,10,0.7,2,0,2,2,0,2,51530,290,28193
ESPORTSTMNT03/1814411,T1,0,10,7,13,1.307692308,1,1,2,5,1,6,60159,257,34407
ESPORTSTMNT02_1925987,T1,1,44,20,6,10.66666667,4,1,5,8,1,9,63645,224,37372
ESPORTSTMNT02_1926050,T1,1,49,20,5,13.8,3,1,4,8,1,9,44682,176,32245
ESPORTSTMNT02_1927485,T1,0,23,13,17,2.117647059,3,0,3,2,0,2,56259,266,35121
ESPORTSTMNT02_1927548,T1,1,37,15,13,4,2,1,3,8,1,9,62885,268,37556
ESPORTSTMNT02_1927565,T1,0,25,13,15,2.533333333,2,0,2,2,0,2,62077,285,36217
ESPORTSTMNT02_1970285,T1,1,46,15,7,8.714285714,3,2,5,10,3,13,69569,405,47751
ESPORTSTMNT02_1970312,T1,1,30,11,4,10.25,1,1,2,11,3,14,61527,221,36908
ESPORTSTMNT02_1970582,T1,0,26,11,13,2.846153846,1,1,2,10,2,12,101667,342,45679
ESPORTSTMNT02_1970597,T1,0,1,1,13,0.153846154,1,0,1,2,0,2,26629,149,23488
ESPORTSTMNT03_1994717,T1,0,39,15,15,3.6,3,3,6,6,0,6,138747,672,76489
ESPORTSTMNT03_1994789,T1,0,32,11,16,2.6875,3,1,4,4,0,4,75956,277,42438
ESPORTSTMNT03_1996200,T1,1,32,18,12,4.166666667,5,2,7,9,1,10,80255,386,58918
ESPORTSTMNT03_2006272,T1,1,32,18,12,4.166666667,5,2,7,9,1,10,80255,386,58918
ESPORTSTMNT03_1997110,T1,1,31,14,9,5,3,1,4,10,2,12,89940,276,43030
ESPORTSTMNT03_1997147,T1,0,18,9,13,2.076923077,3,0,3,4,0,4,57094,307,36737
ESPORTSTMNT03_1997159,T1,1,41,15,10,5.6,3,1,4,8,1,9,56394,240,36869
ESPORTSTMNT03_1997438,T1,1,44,16,7,8.571428571,3,3,6,11,6,17,111100,452,54349
ESPORTSTMNT03_2007653,T1,0,7,6,8,1.625,3,0,3,4,0,4,73680,338,42396
ESPORTSTMNT03_2007659,T1,0,4,2,6,1,0,0,0,3,0,3,40782,253,29840
ESPORTSTMNT01_2147035,T1,1,32,14,7,6.571428571,1,0,1,9,1,10,62721,265,36306
ESPORTSTMNT01_2147135,T1,1,52,18,2,35,3,1,4,11,3,14,58898,293,39024
ESPORTSTMNT01_2148172,T1,0,7,4,12,0.916666667,3,0,3,3,0,3,31242,242,30607
ESPORTSTMNT01_2148222,T1,0,15,8,19,1.210526316,0,0,0,5,0,5,53586,239,31207
ESPORTSTMNT01_2149227,T1,1,35,13,6,8,1,1,2,8,1,9,54807,179,34104
ESPORTSTMNT01_2138992,T1,1,37,16,7,7.571428571,2,1,3,8,1,9,48937,201,35917
ESPORTSTMNT01_2139392,T1,0,13,6,21,0.904761905,1,0,1,3,0,3,57902,262,30445
ESPORTSTMNT01_2149608,T1,1,46,19,8,8.125,4,1,5,10,3,13,101324,460,55394
ESPORTSTMNT01_2149614,T1,1,18,16,5,6.8,2,1,3,11,3,14,39317,222,34243
ESPORTSTMNT02_2065070,T1,1,30,10,4,10,1,1,2,9,1,10,38057,271,34969
ESPORTSTMNT02_2065135,T1,0,4,2,12,0.5,3,2,5,6,0,6,69966,370,43616
ESPORTSTMNT02_2065175,T1,1,43,13,6,9.333333333,4,1,5,9,2,11,64412,352,47076
ESPORTSTMNT02_2065932,T1,0,5,4,15,0.6,0,0,0,4,0,4,43674,256,32452
ESPORTSTMNT02_2065983,T1,1,35,14,5,9.8,4,0,4,10,2,12,67152,233,36335
ESPORTSTMNT02_2065992,T1,0,32,14,14,3.285714286,0,0,0,4,0,4,57905,262,33299
ESPORTSTMNT02_2067487,T1,1,18,10,6,4.666666667,2,1,3,9,2,11,65165,237,33363
ESPORTSTMNT02_2067520,T1,0,14,9,19,1.210526316,1,0,1,5,0,5,53929,265,33997
ESPORTSTMNT02_2067527,T1,1,21,9,2,15,2,1,3,10,2,12,49458,285,38365
ESPORTSTMNT03_2054324,T1,1,33,12,9,5,2,1,3,9,1,10,61237,275,44621
ESPORTSTMNT03_2074387,T1,0,20,7,18,1.5,1,0,1,3,0,3,59860,271,30917
ESPORTSTMNT03_2074420,T1,1,47,17,6,10.66666667,3,1,4,9,1,10,67011,269,39208
ESPORTSTMNT03_2055160,T1,1,30,12,10,4.2,2,2,4,9,1,10,66619,302,41987
ESPORTSTMNT03_2055172,T1,1,22,8,5,6,3,1,4,8,1,9,49826,310,43793
ESPORTSTMNT03_2102636,T1,0,14,5,19,1,2,0,2,4,0,4,65827,269,33545
ESPORTSTMNT03_2102667,T1,0,10,5,15,1,0,0,0,4,0,4,43162,237,35916
ESPORTSTMNT01_2210439,T1,1,53,22,5,15,2,1,3,8,1,9,62956,228,36196
ESPORTSTMNT01_2210452,T1,1,37,22,9,6.555555556,4,2,6,11,4,15,127372,447,59584
ESPORTSTMNT01_2210455,T1,1,25,9,11,3.090909091,2,1,3,8,1,9,74179,313,43264
ESPORTSTMNT01_2210711,T1,0,12,6,16,1.125,2,0,2,1,0,1,41970,254,30640
ESPORTSTMNT01_2210712,T1,1,39,18,8,7.125,4,1,5,11,3,14,67230,327,46147
ESPORTSTMNT01_2210713,T1,1,39,20,7,8.428571429,4,2,6,9,4,13,89707,498,60418
ESPORTSTMNT01_2210716,T1,1,39,18,12,4.75,5,1,6,9,1,10,85570,337,47018
ESPORTSTMNT01_2201262,T1,0,38,12,24,2.083333333,3,2,5,4,0,4,91829,339,42537
ESPORTSTMNT01_2201263,T1,0,9,11,23,0.869565217,1,0,1,5,0,5,59210,268,33955
ESPORTSTMNT01_2201266,T1,1,33,17,10,5,1,0,1,9,2,11,54156,122,27823
ESPORTSTMNT01_2201273,T1,0,18,9,14,1.928571429,4,0,4,4,0,4,66421,336,35400
ESPORTSTMNT01_2250342,T1,1,34,20,4,13.5,4,1,5,11,3,14,69489,281,45313
ESPORTSTMNT01_2250343,T1,1,31,12,4,10.75,2,1,3,9,1,10,59374,284,42149
ESPORTSTMNT01_2250344,T1,0,9,9,19,0.947368421,1,0,1,3,0,3,56451,223,33260
ESPORTSTMNT01_2250346,T1,0,23,11,20,1.7,2,0,2,3,0,3,69835,300,36649
ESPORTSTMNT01_2250350,T1,1,27,16,13,3.307692308,2,1,3,8,1,9,64627,263,37814
ESPORTSTMNT04_1960720,T1,1,40,22,2,31,1,0,1,11,3,14,53135,133,32455
ESPORTSTMNT04_1970810,T1,0,11,4,16,0.9375,0,1,1,3,0,3,61227,255,35632
ESPORTSTMNT04_1970939,T1,1,31,17,3,16,3,0,3,10,2,12,67261,186,36468
ESPORTSTMNT04_1961055,T1,1,18,8,3,8.666666667,2,1,3,8,1,9,39302,271,35812
ESPORTSTMNT04_1961065,T1,1,37,13,1,50,3,1,4,10,1,11,42485,165,33116
ESPORTSTMNT04_1961082,T1,1,25,10,4,8.75,1,1,2,11,3,14,47094,228,33978
ESPORTSTMNT04_1971225,T1,1,30,11,6,6.833333333,3,2,5,10,2,12,65790,260,40577
ESPORTSTMNT04_1971235,T1,1,35,14,2,24.5,3,2,5,9,1,10,54357,218,38797
ESPORTSTMNT04_1971236,T1,1,42,18,1,60,4,2,6,10,3,13,73933,245,40914
ESPORTSTMNT04_1961333,T1,0,3,4,15,0.466666667,0,0,0,4,0,4,31134,223,29235
ESPORTSTMNT04_1961376,T1,1,36,13,5,9.8,3,1,4,7,1,8,59551,304,42063
ESPORTSTMNT04_1961377,T1,1,50,22,10,7.2,2,2,4,11,3,14,79486,336,49827
ESPORTSTMNT04_1971308,T1,0,0,1,18,0.055555556,0,0,0,2,0,2,32509,199,26372
ESPORTSTMNT04_1971325,T1,0,16,7,15,1.533333333,0,1,1,3,0,3,42664,269,34553
ESPORTSTMNT03/1241318,T1,0,25,11,17,2.117647059,3,0,3,4,0,4,48685,318,38687
ESPORTSTMNT03/1241322,T1,0,16,5,21,1,1,0,1,2,0,2,72963,254,33190
ESPORTSTMNT03/1241324,T1,1,34,21,4,13.75,4,1,5,10,2,12,50728,262,39248
ESPORTSTMNT03/1241328,T1,0,8,4,17,0.705882353,2,0,2,3,0,3,35364,248,28981
ESPORTSTMNT01/1302595,T1,0,24,14,20,1.9,3,1,4,4,1,5,76993,393,45603
ESPORTSTMNT01/1302628,T1,1,42,18,10,6,4,1,5,9,1,10,129396,506,56003
ESPORTSTMNT01/1302635,T1,1,23,9,7,4.571428571,5,1,6,11,3,14,49873,537,55783
ESPORTSTMNT01/1293885,T1,0,11,6,20,0.85,2,0,2,2,0,2,46843,304,35774
ESPORTSTMNT01/1293899,T1,1,14,7,4,5.25,2,1,3,10,2,12,26141,232,31889
ESPORTSTMNT01/1293909,T1,0,25,10,16,2.1875,2,1,3,6,0,6,111900,444,44242
ESPORTSTMNT01/1305843,T1,1,23,12,3,11.66666667,4,1,5,11,3,14,58211,248,39206
ESPORTSTMNT01/1305850,T1,1,13,9,3,7.333333333,3,1,4,10,2,12,47405,235,34443
ESPORTSTMNT01/1296689,T1,1,20,12,4,8,5,1,6,7,1,8,67091,449,46283
ESPORTSTMNT01/1296707,T1,0,4,1,8,0.625,1,0,1,1,0,1,24861,232,26785
ESPORTSTMNT01/1296710,T1,1,26,9,4,8.75,4,0,4,8,1,9,60347,392,41791
ESPORTSTMNT02/1282702,T1,1,54,19,6,12.16666667,4,1,5,9,2,11,88245,324,41783
ESPORTSTMNT02/1292699,T1,0,11,5,15,1.066666667,1,0,1,0,0,0,64047,251,31350
ESPORTSTMNT02/1292716,T1,1,42,14,3,18.66666667,3,0,3,7,1,8,60717,351,41323
ESPORTSTMNT02/1294235,T1,1,33,10,5,8.6,3,1,4,9,2,11,54535,256,36405
ESPORTSTMNT02/1294283,T1,1,48,17,7,9.285714286,1,1,2,10,2,12,68391,369,46784
ESPORTSTMNT02/1295851,T1,1,28,11,0,∞,3,1,4,8,1,9,43067,216,30614
ESPORTSTMNT02/1295891,T1,1,60,19,9,8.777777778,2,0,2,7,1,8,71910,314,38530
,,,,,,,,,,,,,,,
,,,,,,,,,,,,,,,
,,,,,,,,,,,,,,,
,,,,,,,,,,,,,,,
,,,,,,,,,,,,,,,
,,,,,,,,,,,,,,,
,,,,,,,,,,,,,,,
,,,,,,,,,,,,,,,
,,,,,,,,,,,,,,,
,,,,,,,,,,,,,,,
,,,,,,,,,,,,,,,
,,,,,,,,,,,,,,,
,,,,,,,,,,,,,,,
,,,,,,,,,,,,,,,
,,,,,,,,,,,,,,,
,,,,,,,,,,,,,,,
,,,,,,,,,,,,,,,
,,,,,,,,,,,,,,,
,,,,,,,,,,,,,,,
,,,,,,,,,,,,,,,
,,,,,,,,,,,,,,,
,,,,,,,,,,,,,,,
,,,,,,,,,,,,,,,
,,,,,,,,,,,,,,,
,,,,,,,,,,,,,,,
,,,,,,,,,,,,,,,
,,,,,,,,,,,,,,,
,,,,,,,,,,,,,,,
,,,,,,,,,,,,,,,
,,,,,,,,,,,,,,,
,,,,,,,,,,,,,,,
,,,,,,,,,,,,,,,
,,,,,,,,,,,,,,,
,,,,,,,,,,,,,,,
,,,,,,,,,,,,,,,
,,,,,,,,,,,,,,,
,,,,,,,,,,,,,,,
,,,,,,,,,,,,,,,
,,,,,,,,,,,,,,,
,,,,,,,,,,,,,,,
,,,,,,,,,,,,,,,
,,,,,,,,,,,,,,,
,,,,,,,,,,,,,,,
,,,,,,,,,,,,,,,
,,,,,,,,,,,,,,,
,,,,,,,,,,,,,,,
,,,,,,,,,,,,,,,
,,,,,,,,,,,,,,,
,,,,,,,,,,,,,,,
,,,,,,,,,,,,,,,
,,,,,,,,,,,,,,,
,,,,,,,,,,,,,,,
,,,,,,,,,,,,,,,
